fid,nameJa,nameEn,catJa,catEn,descJa,descEn,dir,mnsid,status,peakNumPos,peakNumNeg,peakNumPosN,peakNumNegN,peakNumPosS,peakNumNegS
01026,こむぎ ［パン類］ 食パン,"Common wheat, bread, white",穀類,Cereals,,,data/170406/01026,SE112_S010261,s1-published,,,,,,
01038,こむぎ ［うどん・そうめん類］ うどん 生,"Common wheat, ""Udon"" (thick wheat noodles), uncooked",穀類,Cereals,,,data/170808/01038,SE118_S010381,s1-published,,,,,,
01069,こむぎ ［その他］ ちくわぶ,"Common wheat, ""Chikuwabu"" (tube-shaped steamed wheat dough)",穀類,Cereals,,,data/170808/01069,SE118_S010691,s1-published,,,,,,
01080,こめ ［水稲穀粒］ 玄米,"Rice, paddy rice, brown rice, raw",穀類,Cereals,,,data/171109/01080,SE122_S010801,s1-published,,,,,,
01083,こめ ［水稲穀粒］ 精白米 うるち米,"Rice, paddy rice, non-glutinous, well-milled, raw",穀類,Cereals,,,data/171109/01083,SE122_S010831,s1-published,,,,,,
01085,こめ ［水稲めし］ 玄米,"Rice, short grain, paddy rice, brown, ""meshi"" (cooked rice)",穀類,Cereals,,,data/171127/01085,SE123_S010851,s1-published,,,,,,
01088,こめ ［水稲めし］ 精白米 うるち米,"Rice, short grain, paddy rice, nonglutinous rice, well-milled, ""meshi"" (cooked rice)",穀類,Cereals,,,data/171127/01088,SE123_S010881,s1-published,,,,,,
01122,そば そば粉 全層粉,"Buckwheat flour, straight",穀類,Cereals,,,data/170911/01122,SE120_S011221,s1-published,,,,,,
01131,とうもろこし 玄穀 黄色種,"Corn, whole grain, yellow kernel, raw",穀類,Cereals,,,data/171109/01131,SE122_S011311,s1-published,,,,,,
01151,こめ ［水稲穀粒］ 精白米 もち米,"Rice, paddy rice, glutinous rice, well-milled, raw",穀類,Cereals,,,data/171109/01151,SE122_S011511,s1-published,,,,,,
01154,こめ ［水稲めし］ 精白米 もち米,"Rice, short grain, paddy rice, glutinous rice, well-milled, ""meshi"" (cooked rice)",穀類,Cereals,,,data/171127/01154,SE123_S011541,s1-published,,,,,,
02003,＜いも類＞こんにゃく 板こんにゃく 精粉こんにゃく,"Konjac, block, made from fine powder",いも及びでん粉類,Potatoes and starches,,,data/170508/02003,SE114_S020031,s1-published,,,,,,
02006,＜いも類＞（さつまいも類） さつまいも 塊根 皮むき 生,"Sweet potato, tuberous root, without skin, raw",いも及びでん粉類,Potatoes and starches,,,data/171109/02006,SE122_S020061,s1-published,,,,,,
02010,＜いも類＞（さといも類） さといも 球茎 生,"Taro, ""Satoimo"", corm, raw",いも及びでん粉類,Potatoes and starches,,,data/171109/02010,SE122_S020101,s1-published,,,,,,
02017,＜いも類＞じゃがいも 塊茎 生,"Potatoes, tuber, raw",いも及びでん粉類,Potatoes and starches,,,data/170808/02017,SE118_S020171,s1-published,,,,,,
02022,＜いも類＞（やまのいも類） ながいも いちょういも 塊根 生,"Yam, Chinese yam, ""Ichoimo"", tuberous root, raw",いも及びでん粉類,Potatoes and starches,,,data/170508/02022,SE114_S020221,s1-published,,,,,,
03001,（砂糖類） 黒砂糖,"Sugars, brown sugar lump",砂糖及び甘味類,Sugars and sweeteners,,,data/170614/03001,SE117_S030011,s1-published,,,,,,
03002,（砂糖類） 和三盆糖,"Sugars, ""Wasanbonto"" (traditional non-centrifugal soft white cane sugar)",砂糖及び甘味類,Sugars and sweeteners,,,data/170808/03002,SE118_S030021,s1-published,,,,,,
03005,（砂糖類） ざらめ糖 グラニュー糖,"Sugars, hard sugars, granulated",砂糖及び甘味類,Sugars and sweeteners,,,data/170808/03005,SE118_S030051,s1-published,,,,,,
03022,（その他） はちみつ,Honey,砂糖及び甘味類,Sugars and sweeteners,,,data/170406/03022,SE112_S030221,s1-published,,,,,,
03023,（その他） メープルシロップ,Maple syrup,砂糖及び甘味類,Sugars and sweeteners,,,data/170808/03023,SE118_S030231,s1-published,,,,,,
04001,あずき 全粒 乾,"Adzuki beans, mature seeds, whole, raw",豆類,Pulses,,,data/171109/04001,SE122_S040011,s1-published,,,,,,
04007,いんげんまめ 全粒 乾,"Kidney beans, mature seeds, whole, raw",豆類,Pulses,,,data/180112/04007,SE169_S040071,s1-published,,,,,,
04012,えんどう 全粒 青えんどう 乾,"Peas, mature seeds, green seed coats and cotyledons, whole, raw",豆類,Pulses,,,data/180221/04012,SE170_S040121,s1-published,,,,,,
04017,ささげ 全粒 乾,"Cowpeas, mature seeds, whole, raw",豆類,Pulses,,,data/171109/04017,SE122_S040171,s1-published,,,,,,
04023_1,だいず ［全粒・全粒製品］ 全粒 国産 黄大豆 乾,"Soybeans, mature seeds, whole, domestic, yellow seed coats, raw",豆類,Pulses,,,data/171109/04023_1,SE122_S040231,s1-published,,,,,,
04023_2,だいず ［全粒・全粒製品］ 全粒 国産 黄大豆 乾　（小糸在来）,"Soybeans, mature seeds, whole, domestic, yellow seed coats, raw (Koito Zairai)",豆類,Pulses,,,data/171109/04023_2,SE122_S040232,s1-published,,,,,,
04032,だいず ［豆腐・油揚げ類］ 木綿豆腐,"Soybeans, tofu, ""Momen-tofu"" (regular tofu)",豆類,Pulses,,,data/170406/04032,SE112_S040321,s1-published,,,,,,
04046,だいず ［納豆類］ 糸引き納豆,"Soybeans, natto, ""Itohiki-natto"" (fermented whole soybean)",豆類,Pulses,,,data/170406/04046,SE112_S040461,s1-published,,,,,,
04065,ひよこまめ 全粒 乾,"Chickpeas*, mature seeds, whole, raw, [*Syn. Garbanzo beans]",豆類,Pulses,,,data/171127/04065,SE123_S040651,s1-published,,,,,,
04071,りょくとう 全粒 乾,"Mung beans, mature seeds, whole, raw",豆類,Pulses,,,data/180330/04071,SE171_S040711,s1-published,,,,,,
04073,レンズまめ 全粒 乾,"Lentils, mature seeds, whole, raw",豆類,Pulses,,,data/180330/04073,SE171_S040731,s1-published,,,,,,
05005,カシューナッツ フライ 味付け,"Cashew nuts, oil-roasted and salted",種実類,Nuts and seeds,,,data/170808/05005,SE118_S050051,s1-published,,,,,,
05006,かぼちゃ いり 味付け,"Pumpkin seeds, roasted and salted",種実類,Nuts and seeds,,,data/170808/05006,SE118_S050061,s1-published,,,,,,
05008,ぎんなん 生,"Ginkgo nuts, raw",種実類,Nuts and seeds,,,data/171109/05008,SE122_S050081,s1-published,,,,,,
05010,（くり類） 日本ぐり 生,"Chestnuts, Japanese chestnuts, raw",種実類,Nuts and seeds,,,data/171127/05010,SE123_S050101,s1-published,,,,,,
05014,くるみ いり,"Walnuts, roasted",種実類,Nuts and seeds,,,data/180221/05014,SE170_S050141,s1-published,,,,,,
05018_1,ごま いり（白ごま）,"Sesame seeds, whole, dried and roasted (white)",種実類,Nuts and seeds,,,data/170420/05018_1,SE113_S050181,s1-published,,,,,,
05018_2,ごま いり（黒ごま）,"Sesame seeds, whole, dried and roasted (black)",種実類,Nuts and seeds,,,data/170420/05018_2,SE113_S050182,s1-published,,,,,,
05026,ピスタチオ いり 味付け,"Pistachio nuts, roasted and salted",種実類,Nuts and seeds,,,data/170614/05026,SE117_S050261,s1-published,,,,,,
05031,マカダミアナッツ いり 味付け,"Macadamia nuts, roasted and salted",種実類,Nuts and seeds,,,data/170808/05031,SE118_S050311,s1-published,,,,,,
05034,らっかせい 乾 大粒種,"Peanuts, mature seeds, Virginia type, raw",種実類,Nuts and seeds,,,data/180112/05034,SE169_S050341,s1-published,,,,,,
05040,アーモンド いり 無塩,"Almonds, roasted, without salt",種実類,Nuts and seeds,,,data/171109/05040,SE122_S050401,s1-published,,,,,,
06007,アスパラガス 若茎 生,"Asparagus, green, shoots, raw",野菜類,Vegetables,,,data/170508/06007,SE114_S060071,s1-published,,,,,,
06010,いんげんまめ さやいんげん 若ざや 生,"Kidney beans, ""Sayaingen"", immature pods, raw",野菜類,Vegetables,,,data/170614/06010,SE117_S060101,s1-published,,,,,,
06015,えだまめ 生,"Soybeans, immature*, raw, [*Syn. Green soybeans]",野菜類,Vegetables,,,data/170808/06015,SE118_S060151,s1-published,,,,,,
06019,（えんどう類） トウミョウ 茎葉 生,"Peas, stem and leaves, raw",野菜類,Vegetables,,,data/170808/06019,SE118_S060191,s1-published,,,,,,
06032,オクラ 果実 生,"Okra, pods, raw",野菜類,Vegetables,,,data/170526/06032,SE115_S060321,s1-published,,,,,,
06036,かぶ 根 皮つき 生,"Turnip, root, with skin, raw",野菜類,Vegetables,,,data/170508/06036,SE114_S060361,s1-published,,,,,,
06054,カリフラワー 花序 生,"Cauliflower, inflorescence, raw",野菜類,Vegetables,,,data/170508/06054,SE114_S060541,s1-published,,,,,,
06058_1,きく 花びら 生 黄色,"Chrysanthemum, petals, raw (yellow)",野菜類,Vegetables,,,data/171127/06058_1,SE123_S060581,s1-published,,,,,,
06058_2,きく 花びら 生 ピンク,"Chrysanthemum, petals, raw (pink)",野菜類,Vegetables,,,data/171127/06058_2,SE123_S060582,s1-published,,,,,,
06061,（キャベツ類） キャベツ 結球葉 生,"Cabbage, common, head, raw",野菜類,Vegetables,,,data/170526/06061,SE115_S060611,s1-published,,,,,,
06065,きゅうり 果実 生,"Cucumber, fruit, raw",野菜類,Vegetables,,,data/170614/06065,SE117_S060651,s1-published,,,,,,
06072,みずな 葉 生,"Leaf green, ""Mizuna"", leaves, raw",野菜類,Vegetables,,,data/170808/06072,SE118_S060721,s1-published,,,,,,
06083,こごみ 若芽 生,"Ostrich-feather fern, fiddlehead, raw",野菜類,Vegetables,,,data/170526/06083,SE115_S060831,s1-published,,,,,,
06084,ごぼう 根 生,"Edible burdock, root, raw",野菜類,Vegetables,,,data/170508/06084,SE114_S060841,s1-published,,,,,,
06086,こまつな 葉 生,"Spinach mustard, ""Komatsuna"", leaves, raw",野菜類,Vegetables,,,data/170508/06086,SE114_S060861,s1-published,,,,,,
06093,ししとう 果実 生,"Sweet peppers, ""Shishito"", fruit, raw",野菜類,Vegetables,,,data/170526/06093,SE115_S060931,s1-published,,,,,,
06095,しそ 葉 生,"Perilla, ""Shiso"", leaves, raw",野菜類,Vegetables,,,data/170420/06095,SE113_S060951,s1-published,,,,,,
06099,しゅんぎく 葉 生,"Garland chrysanthemum, leaves, raw",野菜類,Vegetables,,,data/170508/06099,SE114_S060991,s1-published,,,,,,
06103,（しょうが類） しょうが 根茎 生,"Ginger, mature rhizome, raw",野菜類,Vegetables,,,data/170526/06103,SE115_S061031,s1-published,,,,,,
06117,せり 茎葉 生,"Water dropwort, stems and leaves, raw",野菜類,Vegetables,,,data/170602/06117,SE116_S061171,s1-published,,,,,,
06124,そらまめ 未熟豆 生,"Broad beans, immature beans, raw",野菜類,Vegetables,,,data/170602/06124,SE116_S061241,s1-published,,,,,,
06132,（だいこん類） だいこん 根 皮つき 生,"Japanese radishes, Daikon, root with skin, raw",野菜類,Vegetables,,,data/170911/06132,SE120_S061321,s1-published,,,,,,
06150,たけのこ 若茎 ゆで,"Bamboo shoots, boiled",野菜類,Vegetables,,,data/170614/06150,SE117_S061501,s1-published,,,,,,
06153,（たまねぎ類） たまねぎ りん茎 生,"Onions, bulb, raw",野菜類,Vegetables,,,data/170808/06153,SE118_S061531,s1-published,,,,,,
06157,たらのめ 若芽 生,"Japanese angelica-tree, spears, raw",野菜類,Vegetables,,,data/170508/06157,SE114_S061571,s1-published,,,,,,
06160,チンゲンサイ 葉 生,"Green bok choy, leaves, raw",野菜類,Vegetables,,,data/170614/06160,SE117_S061601,s1-published,,,,,,
06165,つるむらさき 茎葉 生,"Malabar nightshade, stems and leaves, raw",野菜類,Vegetables,,,data/170614/06165,SE117_S061651,s1-published,,,,,,
06173,とうがん 果実 生,"Chinese preserving melon, fruit, raw",野菜類,Vegetables,,,data/170911/06173,SE120_S061731,s1-published,,,,,,
06175,（とうもろこし類） スイートコーン 未熟種子 生,"Corn, sweet corn, immature kernels, raw",野菜類,Vegetables,,,data/170614/06175,SE117_S061751,s1-published,,,,,,
06182,（トマト類） トマト 果実 生,"Tomatoes, fruit, raw",野菜類,Vegetables,,,data/170808/06182,SE118_S061821,s1-published,,,,,,
06191,（なす類） なす 果実 生,"Eggplant*, Japanese type, fruit, raw, [*Syn. Aubergine]",野菜類,Vegetables,,,data/170808/06191,SE118_S061911,s1-published,,,,,,
06205,にがうり 果実 生 ゴーヤ,"Bitter melon, fruit, raw",野菜類,Vegetables,,,data/170911/06205,SE120_S062051,s1-published,,,,,,
06207,（にら類） にら 葉 生,"Chinese chive, leaves, raw",野菜類,Vegetables,,,data/170508/06207,SE114_S062071,s1-published,,,,,,
06212,（にんじん類） にんじん 根 皮つき 生,"Carrot, regular (European type), root with skin, raw",野菜類,Vegetables,,,data/170808/06212,SE118_S062121,s1-published,,,,,,
06223,（にんにく類） にんにく りん茎 生,"Garlic, bulb, raw",野菜類,Vegetables,,,data/170602/06223,SE116_S062231,s1-published,,,,,,
06226,（ねぎ類） 根深ねぎ 葉 軟白 生,"Welsh onions, ""Nebuka-negi"" (large variety, blanching cultivation), leaves, raw",野菜類,Vegetables,,,data/170808/06226,SE118_S062261,s1-published,,,,,,
06227,（ねぎ類） 葉ねぎ 葉 生,"Welsh onions, ""Ha-negi"" (large variety, green), leaves, raw",野菜類,Vegetables,,,data/170808/06227,SE118_S062271,s1-published,,,,,,
06227_2,（ねぎ類） 葉ねぎ 葉 生、細ネギ（若香）,"Japanese bunching onion (Jakkou), leaf, raw",野菜類,Vegetables,,,data/170824/06227_2,SE119_S062272,s1-published,,,,,,
06239,パセリ 葉 生,"Parsley, leaves, raw",野菜類,Vegetables,,,data/170824/06239,SE119_S062391,s1-published,,,,,,
06240,はつかだいこん 根 生,"Little radish, root, raw",野菜類,Vegetables,,,data/170824/06240,SE119_S062401,s1-published,,,,,,
06245,（ピーマン類） 青ピーマン 果実 生,"Sweet peppers, fruit, green, raw",野菜類,Vegetables,,,data/170602/06245,SE116_S062451,s1-published,,,,,,
06256,（ふき類） ふき 葉柄 生,"Japanese butterbur, petiole, raw",野菜類,Vegetables,,,data/170508/06256,SE114_S062561,s1-published,,,,,,
06258,（ふき類） ふきのとう 花序 生,"Japanese butterbur, inflorescence, raw",野菜類,Vegetables,,,data/170508/06258,SE114_S062581,s1-published,,,,,,
06263,ブロッコリー 花序 生,"Broccoli, inflorescence, raw",野菜類,Vegetables,,,data/170602/06263,SE116_S062631,s1-published,,,,,,
06267,ほうれんそう 葉 通年平均 生,"Spinach, leaves, all season, raw",野菜類,Vegetables,,,data/170602/06267,SE116_S062671,s1-published,,,,,,
06280,（みょうが類） みょうが 花穂 生,"Japanese ginger, ""Myoga"", spike, raw",野菜類,Vegetables,,,data/170420/06280,SE113_S062801,s1-published,,,,,,
06283,めキャベツ 結球葉 生,"Brussels sprouts, head, raw",野菜類,Vegetables,,,data/170508/06283,SE114_S062831,s1-published,,,,,,
06287,（もやし類） だいずもやし 生,"Bean sprouts, soybean sprouts, raw",野菜類,Vegetables,,,data/170602/06287,SE116_S062871,s1-published,,,,,,
06293,モロヘイヤ 茎葉 生,"Nalta jute*, stems and leaves, raw, [*Syn. Tossa jute]",野菜類,Vegetables,,,data/170911/06293,SE120_S062931,s1-published,,,,,,
06301,よもぎ 葉 生,"Japanese wormwood, leaves, raw",野菜類,Vegetables,,,data/170602/06301,SE116_S063011,s1-published,,,,,,
06303,らっかせい 未熟豆 生,"Peanuts, immature beans, raw",野菜類,Vegetables,,,data/170911/06303,SE120_S063031,s1-published,,,,,,
06305,（らっきょう類） らっきょう りん茎 生,"Japanese scallion, ""Rakkyo"", mature bulb, raw",野菜類,Vegetables,,,data/170808/06305,SE118_S063051,s1-published,,,,,,
06312,（レタス類） レタス 土耕栽培 結球葉 生,"Lettuce, head lettuce, crisp type, soil culture, head, raw",野菜類,Vegetables,,,data/170911/06312,SE120_S063121,s1-published,,,,,,
06314,（レタス類） リーフレタス 葉 生,"Lettuce, green leaf lettuce, leaves, raw",野菜類,Vegetables,,,data/170911/06314,SE120_S063141,s1-published,,,,,,
06317,れんこん 根茎 生,"East Indian lotus root, rhizome, raw",野菜類,Vegetables,,,data/170602/06317,SE116_S063171,s1-published,,,,,,
06322,わさび 根茎 生,"Wasabi, rhizome, raw",野菜類,Vegetables,,,data/180112/06322,SE169_S063221,s1-published,,,,,,
06324,わらび 生わらび 生,"Bracken fern, fiddleheads, raw",野菜類,Vegetables,,,data/170602/06324,SE116_S063241,s1-published,,,,,,
07006,アボカド 生,"Avocados, raw",果実類,Fruits,,,data/170508/07006,SE114_S070061,s1-published,,,,,,
07012,いちご 生,"Strawberries, raw",果実類,Fruits,,,data/180402/07012,SE172_S070121,s1-published,,,,,,
07015,いちじく 生,"Figs, raw",果実類,Fruits,,,data/171109/07015,SE122_S070151,s1-published,,,,,,
07019,うめ 生,"Mume*, raw, [*Syn. Japanese apricots]",果実類,Fruits,,,data/170808/07019,SE118_S070191,s1-published,,,,,,
07026,（かんきつ類） うんしゅうみかん じょうのう 早生 生,"Satsuma mandarins, segments, early ripening type, raw",果実類,Fruits,,,data/180112/07026,SE169_S070261,s1-published,,,,,,
07049,かき 甘がき 生,"Japanese persimmons*, nonastringent, raw, [*Syn. Kaki]",果実類,Fruits,,,data/171127/07049,SE123_S070491,s1-published,,,,,,
07052,（かんきつ類） かぼす 果汁 生,"Citrus, ""Kabosu"", juice, fresh",果実類,Fruits,,,data/170911/07052,SE120_S070521,s1-published,,,,,,
07054,キウイフルーツ 緑肉種 生,"Kiwifruit, green flesh type, raw",果実類,Fruits,,,data/170602/07054,SE116_S070541,s1-published,,,,,,
07062,（かんきつ類） グレープフルーツ 白肉種 砂じょう 生,"Grapefruit, white flesh type, juice sacs, raw",果実類,Fruits,,,data/170808/07062,SE118_S070621,s1-published,,,,,,
07070,さくらんぼ 国産 生,"Sweet cherries, domestic, raw",果実類,Fruits,,,data/170808/07070,SE118_S070701,s1-published,,,,,,
07077,すいか 赤肉種 生,"Watermelon, red flesh type, raw",果実類,Fruits,,,data/170911/07077,SE120_S070771,s1-published,,,,,,
07078,（かんきつ類） すだち 果皮 生,"Citrus, ""Sudachi"", peel, raw",果実類,Fruits,,,data/170911/07078,SE120_S070781,s1-published,,,,,,
07079,（かんきつ類） すだち 果汁 生,"Citrus, ""Sudachi"", juice, fresh",果実類,Fruits,,,data/170808/07079,SE118_S070791,s1-published,,,,,,
07088,（なし類） 日本なし 生,"Pears, sand pears*, raw [Syn. Nashi pears]",果実類,Fruits,,,data/171109/07088,SE122_S070881,s1-published,,,,,,
07091,（なし類） 西洋なし 生,"Pears, European pears, raw",果実類,Fruits,,,data/171127/07091,SE123_S070911,s1-published,,,,,,
07097,パインアップル 生,"Pineapple, raw",果実類,Fruits,,,data/170614/07097,SE117_S070971,s1-published,,,,,,
07107,バナナ 生,"Bananas, raw",果実類,Fruits,,,data/170420/07107,SE113_S071071,s1-published,,,,,,
07109,パパイア 完熟 生,"Papaya, ripe, raw",果実類,Fruits,,,data/170808/07109,SE118_S071091,s1-published,,,,,,
07114,びわ 生,"Loquats, raw",果実類,Fruits,,,data/170808/07114,SE118_S071141,s1-published,,,,,,
07116,ぶどう 生,"Grapes, raw",果実類,Fruits,,,data/171109/07116,SE122_S071161,s1-published,,,,,,
07124,ブルーベリー 生,"Blueberries, raw",果実類,Fruits,,,data/170808/07124,SE118_S071241,s1-published,,,,,,
07132,マンゴー 生,"Mangoes, raw",果実類,Fruits,,,data/170526/07132,SE115_S071321,s1-published,,,,,,
07134,メロン 温室メロン 生,"Muskmelon, greenhouse culture, raw",果実類,Fruits,,,data/171109/07134,SE122_S071341,s1-published,,,,,,
07136,（もも類） もも 生,"Peaches, raw",果実類,Fruits,,,data/170911/07136,SE120_S071361,s1-published,,,,,,
07142,（かんきつ類） ゆず 果皮 生,"Citrus, ""Yuzu"", peel, raw",果実類,Fruits,,,data/171127/07142,SE123_S071421,s1-published,,,,,,
07143,（かんきつ類） ゆず 果汁 生,"Citrus, ""Yuzu"", juice, fresh",果実類,Fruits,,,data/171127/07143,SE123_S071431,s1-published,,,,,,
07155,（かんきつ類） レモン 全果 生,"Lemons, whole, raw",果実類,Fruits,,,data/171127/07155,SE123_S071551,s1-published,,,,,,
07168,キウイフルーツ 黄肉種 生,"Kiwifruit, yellow flesh type, raw",果実類,Fruits,,,data/170508/07168,SE114_S071681,s1-published,,,,,,
08001,えのきたけ 生,"Mushrooms, winter mushrooms*, raw [*Syn. Enokitake, Enoki]",きのこ類,Mushrooms,,,data/170602/08001,SE116_S080011,s1-published,,,,,,
08006,（きくらげ類） きくらげ 乾,"Mushrooms, tree ears, Jew's ear, dried, raw",きのこ類,Mushrooms,,,data/170808/08006,SE118_S080061,s1-published,,,,,,
08016,（しめじ類） ぶなしめじ 生,"Mushrooms, beech mushrooms, raw",きのこ類,Mushrooms,,,data/170526/08016,SE115_S080161,s1-published,,,,,,
08020,なめこ 生,"Mushrooms, ""Nameko"", raw",きのこ類,Mushrooms,,,data/170602/08020,SE116_S080201,s1-published,,,,,,
08025,（ひらたけ類） エリンギ 生,"Mushrooms, king oyster mushrooms, raw",きのこ類,Mushrooms,,,data/170508/08025,SE114_S080251,s1-published,,,,,,
08028,まいたけ 生,"Mushrooms, ""Maitake"", raw",きのこ類,Mushrooms,,,data/170602/08028,SE116_S080281,s1-published,,,,,,
08031,マッシュルーム 生,"Mushrooms, button mushrooms, fresh, raw",きのこ類,Mushrooms,,,data/170508/08031,SE114_S080311,s1-published,,,,,,
08039,しいたけ 生しいたけ 菌床栽培 生,"Mushrooms, ""Shiitake"", bed-log cultivation, fresh, raw",きのこ類,Mushrooms,,,data/170602/08039,SE116_S080391,s1-published,,,,,,
09001,あおさ 素干し,"Algae, Sea lettuce, dried",藻類,Algae,,,data/170911/09001,SE120_S090011,s1-published,,,,,,
09002,あおのり 素干し,"Algae, green laver, dried",藻類,Algae,,,data/170911/09002,SE120_S090021,s1-published,,,,,,
09004,あまのり 焼きのり,"Algae, purple laver, dried, toasted",藻類,Algae,,,data/170420/09004,SE113_S090041,s1-published,,,,,,
09045,わかめ 湯通し塩蔵わかめ 塩抜き,"Algae, ""Wakame"", blanched and salted products, desalted",藻類,Algae,,,data/170614/09045,SE117_S090451,s1-published,,,,,,
10003,＜魚類＞（あじ類） まあじ 皮つき、生,"Fish, horse mackerel, Japanese Jack mackerel＊, with skin, raw [*Syn. horse mackerel]",魚介類,"Fish, mollusks and crustacean",,,data/170614/10003,SE117_S100031,s1-published,,,,,,
10025,＜魚類＞あゆ 養殖 生,"Fish, Ayu, cultured, raw",魚介類,"Fish, mollusks and crustacean",,,data/170602/10025,SE116_S100251,s1-published,,,,,,
10037,＜魚類＞いさき 生,"Fish, three-line grunt, raw",魚介類,"Fish, mollusks and crustacean",,,data/170614/10037,SE117_S100371,s1-published,,,,,,
10047,＜魚類＞（いわし類） まいわし 生,"Fish, sardine, Japanese pilchard, raw",魚介類,"Fish, mollusks and crustacean",,,data/170614/10047,SE117_S100471,s1-published,,,,,,
10085,＜魚類＞（かじき類） めかじき 生,"Fish, swordfish, raw",魚介類,"Fish, mollusks and crustacean",,,data/170614/10085,SE117_S100851,s1-published,,,,,,
10086,＜魚類＞（かつお類） かつお 春獲り 生,"Fish, skipjack tuna*, caught in spring, raw [*Syn. bonito, skipjack]",魚介類,"Fish, mollusks and crustacean",,,data/170508/10086,SE114_S100861,s1-published,,,,,,
10100,＜魚類＞（かれい類） まがれい 生,"Fish, righteye flounder, brown sole, raw",魚介類,"Fish, mollusks and crustacean",,,data/171109/10100,SE122_S101001,s1-published,,,,,,
10107,＜魚類＞かわはぎ 生,"Fish, leatherfish*, raw [*Syn. Triggerfish, threadsail filefish]",魚介類,"Fish, mollusks and crustacean",,,data/171127/10107,SE123_S101071,s1-published,,,,,,
10116,＜魚類＞きんめだい 生,"Fish, splendid alfonsino*, raw, [*Syn. alfonsino]",魚介類,"Fish, mollusks and crustacean",,,data/170808/10116,SE118_S101161,s1-published,,,,,,
10126,＜魚類＞（さけ・ます類） からふとます 生,"Fish, salmon and trout, pink salmon, raw",魚介類,"Fish, mollusks and crustacean",,,data/171127/10126,SE123_S101261,s1-published,,,,,,
10134,＜魚類＞（さけ・ます類） しろさけ 生,"Fish, salmon and trout, chum salmon, raw",魚介類,"Fish, mollusks and crustacean",,,data/171109/10134,SE122_S101341,s1-published,,,,,,
10140_1,＜魚類＞（さけ・ます類） しろさけ イクラ　（生）,"Fish, salmon and trout, chum salmon, ""Ikura"" (raw roe)",魚介類,"Fish, mollusks and crustacean",,,data/171127/10140_1,SE123_S101401,s1-published,,,,,,
10173,＜魚類＞さんま 皮つき、生,"Fish, Pacific saury, with skin, raw",魚介類,"Fish, mollusks and crustacean",,,data/170911/10173,SE120_S101731,s1-published,,,,,,
10192,＜魚類＞（たい類） まだい 天然 生,"Fish, sea bream, red sea bream, wild, raw",魚介類,"Fish, mollusks and crustacean",,,data/170614/10192,SE117_S101921,s1-published,,,,,,
10198,＜魚類＞たちうお 生,"Fish, Atlantic cutlassfish*, raw, [*Syn. Hairtail, cutlass fish]",魚介類,"Fish, mollusks and crustacean",,,data/171127/10198,SE123_S101981,s1-published,,,,,,
10199,＜魚類＞（たら類） すけとうだら 生,"Fish, cod, walleye pollock*, raw, [*Syn. Alaska pollock]",魚介類,"Fish, mollusks and crustacean",,,data/171127/10199,SE123_S101991,s1-published,,,,,,
10234,＜魚類＞ひらめ 天然 生,"Fish, olive flounder*, wild, raw [*Syn. bastard halibut, Japanese flounder]",魚介類,"Fish, mollusks and crustacean",,,data/180112/10234,SE169_S102341,s1-published,,,,,,
10241,＜魚類＞ぶり 成魚 生,"Fish, yellowtail*, mature, raw [*Syn. five-ray yellowtail]",魚介類,"Fish, mollusks and crustacean",,,data/170508/10241,SE114_S102411,s1-published,,,,,,
10244,＜魚類＞ほうぼう 生,"Fish, red gurnard*, raw [*Syn. sea robin, gurnard, gurnet]",魚介類,"Fish, mollusks and crustacean",,,data/180112/10244,SE169_S102441,s1-published,,,,,,
10253,＜魚類＞（まぐろ類） くろまぐろ 赤身 生,"Fish, tuna, bluefin tuna, lean meat, raw",魚介類,"Fish, mollusks and crustacean",,,data/170614/10253,SE117_S102531,s1-published,,,,,,
10259,＜魚類＞（まぐろ類） めばち 生,"Fish, tuna, big-eye tuna, raw",魚介類,"Fish, mollusks and crustacean",,,data/170808/10259,SE118_S102591,s1-published,,,,,,
10281,＜貝類＞あさり 生,"Mollusks, short-necked clam*, raw [*Syn. baby-neck clam, Manila clam, Japanese littleneck]",魚介類,"Fish, mollusks and crustacean",,,data/170614/10281,SE117_S102811,s1-published,,,,,,
10292,＜貝類＞かき 養殖 生,"Mollusks, Pacific oyster, cultured, raw",魚介類,"Fish, mollusks and crustacean",,,data/170614/10292,SE117_S102921,s1-published,,,,,,
10297,＜貝類＞しじみ 生,"Mollusks, Japanese corbicula clam*, raw",魚介類,"Fish, mollusks and crustacean",,,data/170526/10297,SE115_S102971,s1-published,,,,,,
10306,＜貝類＞（はまぐり類） はまぐり 生,"Mollusks, hard clam, raw",魚介類,"Fish, mollusks and crustacean",,,data/170614/10306,SE117_S103061,s1-published,,,,,,
10311,＜貝類＞ほたてがい 生,"Mollusks, giant ezo-scallop*, raw [*Syn. common scallop, Japanese scallop]",魚介類,"Fish, mollusks and crustacean",,,data/170508/10311,SE114_S103111,s1-published,,,,,,
10319,＜えび・かに類＞（えび類） あまえび 生,"Crustacean, northern shrimp*, raw, [*Syn. pink shrimp]",魚介類,"Fish, mollusks and crustacean",,,data/171127/10319,SE123_S103191,s1-published,,,,,,
10329,＜えび・かに類＞（えび類） ブラックタイガー 養殖 生,"Crustacean, giant tiger prawn, cultured, raw",魚介類,"Fish, mollusks and crustacean",,,data/170602/10329,SE116_S103291,s1-published,,,,,,
10345,＜いか・たこ類＞（いか類） するめいか 生,"Mollusks, Japanese common squid*, raw [*Syn. short-finned squid]",魚介類,"Fish, mollusks and crustacean",,,data/170614/10345,SE117_S103451,s1-published,,,,,,
10372,＜その他＞なまこ 生,"Sea cucumber, raw",魚介類,"Fish, mollusks and crustacean",,,data/180112/10372,SE169_S103721,s1-published,,,,,,
10374,＜その他＞ほや 生,"Sea squirt*, raw, [*Syn. Ascidian]",魚介類,"Fish, mollusks and crustacean",,,data/170808/10374,SE118_S103741,s1-published,,,,,,
11011,＜畜肉類＞うし ［和牛肉］ リブロース 脂身つき 生,"Beef, Japanese beef cattle, rib loin, lean and fat, raw",肉類,Meat,,,data/170911/11011,SE120_S110111,s1-published,,,,,,
11064,＜畜肉類＞うし ［輸入牛肉］ かたロース 脂身つき 生,"Beef, imported beef, chuck roll, lean and fat, raw",肉類,Meat,,,data/170614/11064,SE117_S110641,s1-published,,,,,,
11115,＜畜肉類＞ぶた ［大型種肉］ かた 脂身つき 生,"Pork, large type breed, picnic shoulder, lean and fat, raw",肉類,Meat,,,data/170602/11115,SE116_S111151,s1-published,,,,,,
11176,＜畜肉類＞ぶた ［ハム類］ ロースハム,"Pork, ham, loin",肉類,Meat,,,data/170406/11176,SE112_S111761,s1-published,,,,,,
11186,＜畜肉類＞ぶた ［ソーセージ類］ ウインナーソーセージ,"Pork, sausage, Vienna",肉類,Meat,,,data/170406/11186,SE112_S111861,s1-published,,,,,,
11201,＜畜肉類＞めんよう ［ラム］ かた 脂身つき 生,"Lamb, shoulder, lean and fat, raw",肉類,Meat,,,data/170911/11201,SE120_S112011,s1-published,,,,,,
11215,＜鳥肉類＞にわとり ［成鶏肉］ もも 皮つき 生,"Chicken, culled, thigh, meat with skin, raw",肉類,Meat,,,data/170602/11215,SE116_S112151,s1-published,,,,,,
11254,＜畜肉類＞うし ［交雑牛肉］ リブロース 脂身つき 生,"Beef, crossbred (Holstein×Japanese black) steer, rib loin, lean and fat, raw",肉類,Meat,,,data/170911/11254,SE120_S112541,s1-published,,,,,,
12004,鶏卵 全卵 生,"Eggs, hen, whole, raw",卵類,Eggs,,,data/170420/12004,SE113_S120041,s1-published,,,,,,
13002,＜牛乳及び乳製品＞（液状乳類） 生乳 ホルスタイン種,"Liquid milk, raw milk, Holstein",乳類,Milk and milk products,,,data/170406/13002,SE112_S130021,s1-published,,,,,,
13025,＜牛乳及び乳製品＞（発酵乳・乳酸菌飲料） ヨーグルト 全脂無糖,"Yogurt, whole milk, unsweetened",乳類,Milk and milk products,,,data/170406/13025,SE112_S130251,s1-published,,,,,,
13028,＜牛乳及び乳製品＞（発酵乳・乳酸菌飲料） 乳酸菌飲料 乳製品,"Lactic acid bacteria beverages, not pasteurized after fermentation, milk solids-nonfat e"" 3.0%",乳類,Milk and milk products,,,data/170406/13028,SE112_S130281,s1-published,,,,,,
13033,＜牛乳及び乳製品＞（チーズ類） ナチュラルチーズ カテージ,"Cheese, cottage",乳類,Milk and milk products,,,data/170911/13033,SE120_S130331,s1-published,,,,,,
13034,＜牛乳及び乳製品＞（チーズ類） ナチュラルチーズ カマンベール,"Cheese, Camembert",乳類,Milk and milk products,,,data/170911/13034,SE120_S130341,s1-published,,,,,,
13036,＜牛乳及び乳製品＞（チーズ類） ナチュラルチーズ ゴーダ,"Cheese, Gouda",乳類,Milk and milk products,,,data/170911/13036,SE120_S130361,s1-published,,,,,,
13037,＜牛乳及び乳製品＞（チーズ類） ナチュラルチーズ チェダー,"Cheese, Cheddar",乳類,Milk and milk products,,,data/170911/13037,SE120_S130371,s1-published,,,,,,
13038,＜牛乳及び乳製品＞（チーズ類） ナチュラルチーズ パルメザン,"Cheese, Parmesan",乳類,Milk and milk products,,,data/170406/13038,SE112_S130381,s1-published,,,,,,
13039,＜牛乳及び乳製品＞（チーズ類） ナチュラルチーズ ブルー,"Cheese, blue",乳類,Milk and milk products,,,data/170911/13039,SE120_S130391,s1-published,,,,,,
13040,＜牛乳及び乳製品＞（チーズ類） プロセスチーズ,"Cheeses, processed",乳類,Milk and milk products,,,data/170406/13040,SE112_S130401,s1-published,,,,,,
16005,＜アルコール飲料類＞（醸造酒類） 清酒 純米吟醸酒,"Fermented alcoholic beverage, ""Sake"", ""Junmai-ginjo"" (made with only rice, water and koji, brewed with labor-intensive steps, using highly polished rice)",し好飲料類,Beverages,,,data/170614/16005,SE117_S160051,s1-published,,,,,,
16006,＜アルコール飲料類＞（醸造酒類） ビール 淡色,"Fermented alcoholic beverage, beer, pale",し好飲料類,Beverages,,,data/180112/16006,SE169_S160061,s1-published,,,,,,
16007,＜アルコール飲料類＞（醸造酒類） ビール 黒,"Fermented alcoholic beverage, beer, black",し好飲料類,Beverages,,,data/180112/16007,SE169_S160071,s1-published,,,,,,
16011,＜アルコール飲料類＞（醸造酒類） ぶどう酒 赤,"Fermented alcoholic beverage, wine, red",し好飲料類,Beverages,,,data/170614/16011,SE117_S160111,s1-published,,,,,,
16016,＜アルコール飲料類＞（蒸留酒類）ウイスキー,"Distilled alcoholic beverage, whisky",し好飲料類,Beverages,,,data/170614/16016,SE117_S160161,s1-published,,,,,,
16022,＜アルコール飲料類＞（混成酒類）梅酒,"Compound alcoholic beverage, ""Umeshu"" (plum liquor made from Japanese apricots)",し好飲料類,Beverages,,,data/170614/16022,SE117_S160221,s1-published,,,,,,
16037,＜茶類＞ （緑茶類） せん茶 浸出液,"Green tea, ""Sencha"" (common grade tea ), infusion",し好飲料類,Beverages,,,data/170824/16037,SE119_S160371,s1-published,,,,,,
16040,＜茶類＞ （緑茶類） ほうじ茶 浸出液,"Green tea, ""Hoji-cha"" (roasted tea), infusion",し好飲料類,Beverages,,,data/170911/16040,SE120_S160401,s1-published,,,,,,
16042,＜茶類＞ （発酵茶類） ウーロン茶 浸出液,"Fermented tea, Oolong tea, infusion",し好飲料類,Beverages,,,data/170824/16042,SE119_S160421,s1-published,,,,,,
16043,＜茶類＞ （発酵茶類） 紅茶 茶,"Fermented tea, black tea, tea",し好飲料類,Beverages,,,data/170911/16043,SE120_S160431,s1-published,,,,,,
16044,＜茶類＞ （発酵茶類） 紅茶 浸出液,"Fermented tea, black tea, infusion",し好飲料類,Beverages,,,data/170824/16044,SE119_S160441,s1-published,,,,,,
16045,＜コーヒー・ココア類＞ コーヒー 浸出液,"Coffee, infusion",し好飲料類,Beverages,,,data/170808/16045,SE118_S160451,s1-published,,,,,,
16047,＜コーヒー・ココア類＞ コーヒー コーヒー飲料 乳成分入り 加糖,"Coffee, ready-to-drink coffee with milk and sugar, canned",し好飲料類,Beverages,,,data/170911/16047,SE120_S160471,s1-published,,,,,,
16055,＜その他＞ 麦茶 浸出液,"Mugi-cha (roasted barley tea), infusion",し好飲料類,Beverages,,,data/170614/16055,SE117_S160551,s1-published,,,,,,
16058,＜その他＞ （炭酸飲料類） ビール風味炭酸飲料,"Carbonated beverage, beer-flavored drink, alcohol free",し好飲料類,Beverages,,,data/180112/16058,SE169_S160581,s1-published,,,,,,
17001,＜調味料類＞（ウスターソース類） ウスターソース,"Japanese Worcester sauce, common type",調味料及び香辛料類,Seasonings and spices,,,data/170911/17001,SE120_S170011,s1-published,,,,,,
17015,＜調味料類＞（食酢類）穀物酢,"Vinegar, grain vinegar",調味料及び香辛料類,Seasonings and spices,,,data/171002/17015,SE121_S170151,s1-published,,,,,,
17016,＜調味料類＞（食酢類）米酢,"Vinegar, rice vinegar",調味料及び香辛料類,Seasonings and spices,,,data/170614/17016,SE117_S170161,s1-published,,,,,,
17017,＜調味料類＞（食酢類）果実酢 ぶどう酢,"Vinegar, fruit vinegar, wine vinegar",調味料及び香辛料類,Seasonings and spices,,,data/170808/17017,SE118_S170171,s1-published,,,,,,
17018,＜調味料類＞（食酢類）果実酢 りんご酢,"Vinegar, fruit vinegar, cider vinegar",調味料及び香辛料類,Seasonings and spices,,,data/170614/17018,SE117_S170181,s1-published,,,,,,
17019,＜調味料類＞（だし類）かつおだし,"Soup stock, ""Katsuo-bushi dashi"" (stock of ""Katsuo-bushi"") (cf. 10091""Katsuo-bushi"")",調味料及び香辛料類,Seasonings and spices,,,data/170824/17019,SE119_S170191,s1-published,,,,,,
17020,＜調味料類＞（だし類）昆布だし,"Soup stock, ""kombu dashi"" (stock of dried kombu )",調味料及び香辛料類,Seasonings and spices,,,data/170824/17020,SE119_S170201,s1-published,,,,,,
17021,＜調味料類＞（だし類）かつお・昆布だし,"Soup stock, ""Katsuo-bushi and kombu dashi"" (stock of ""Katsuo-bushi"" and dried kombu) (cf. 10091""Katsuo-bushi"")",調味料及び香辛料類,Seasonings and spices,,,data/170824/17021,SE119_S170211,s1-published,,,,,,
17022,＜調味料類＞（だし類）しいたけだし,"Soup stock, ""Shiitake dashi"" (stock of dried Shiitake mushroom)",調味料及び香辛料類,Seasonings and spices,,,data/170824/17022,SE119_S170221,s1-published,,,,,,
17023,＜調味料類＞（だし類）煮干しだし,"Soup stock, ""Niboshi dashi"" (stock of small dried sardine)",調味料及び香辛料類,Seasonings and spices,,,data/170824/17023,SE119_S170231,s1-published,,,,,,
17031,＜調味料類＞（調味ソース類）オイスターソース,"Seasoning sauce, oyster sauce",調味料及び香辛料類,Seasonings and spices,,,data/170911/17031,SE120_S170311,s1-published,,,,,,
17036,＜調味料類＞（トマト加工品類）トマトケチャップ,"Tomato products, ketchup",調味料及び香辛料類,Seasonings and spices,,,data/171109/17036,SE122_S170361,s1-published,,,,,,
17057,＜香辛料類＞からし 粉,"Spices, mustard, powder",調味料及び香辛料類,Seasonings and spices,,,data/180112/17057,SE169_S170571,s1-published,,,,,,
17063,＜香辛料類＞こしょう 黒 粉,"Spices, pepper, black, ground",調味料及び香辛料類,Seasonings and spices,,,data/171109/17063,SE122_S170631,s1-published,,,,,,
17076,＜香辛料類＞にんにく おろし,"Spice, garlic, paste",調味料及び香辛料類,Seasonings and spices,,,data/171109/17076,SE122_S170761,s1-published,,,,,,
17090,＜調味料類＞（食酢類）黒酢,"Vinegar, black rice vinegar",調味料及び香辛料類,Seasonings and spices,,,data/170911/17090,SE120_S170901,s1-published,,,,,,
17093,＜調味料類＞（だし類）顆粒中華だし,"Stock powder, chicken, pork and vegetable",調味料及び香辛料類,Seasonings and spices,,,data/180112/17093,SE169_S170931,s1-published,,,,,,
